{"stats":{"minecraft:used":{"minecraft:sponge":2,"bunker_down:steel_vent":3,"bunker_down:steel_block":3,"horror_element_mod:hazzmat_body":1,"horror_element_mod:broken_light":8,"horror_element_mod:light_on":2,"horror_element_mod:scientist_body":1,"horror_element_mod:blood_4":8},"minecraft:custom":{"minecraft:jump":7,"minecraft:open_chest":1,"minecraft:time_since_rest":4751,"minecraft:sprint_one_cm":224,"minecraft:play_time":4751,"minecraft:walk_on_water_one_cm":337,"minecraft:time_since_death":4751,"minecraft:walk_one_cm":13067,"minecraft:climb_one_cm":354,"minecraft:sneak_time":77,"minecraft:walk_under_water_one_cm":3081,"minecraft:total_world_time":4751,"minecraft:fly_one_cm":5151}},"DataVersion":3465}