{"stats":{"minecraft:used":{"bunker_down:steel_vent":3,"horror_element_mod:broken_tv":1,"minecraft:water_bucket":2,"bunker_down:steel_block":5,"horror_element_mod:broken_light":8,"horror_element_mod:hazzmat_body":1,"zombie_extreme:iron_table":1,"minecraft:cobblestone":5,"horror_element_mod:light_on":4,"horror_element_mod:scientist_body":1,"zombie_extreme:radio_installation":1,"minecraft:stripped_oak_wood":1,"alexsmobs:animal_dictionary":1,"minecraft:sponge":2,"minecraft:cobweb":4,"horror_element_mod:blood_4":8},"minecraft:custom":{"minecraft:time_since_rest":15378,"minecraft:open_chest":4,"minecraft:crouch_one_cm":1711,"minecraft:sprint_one_cm":224,"minecraft:play_time":15378,"minecraft:damage_taken":10,"minecraft:walk_one_cm":22859,"minecraft:sneak_time":920,"minecraft:walk_under_water_one_cm":3081,"minecraft:jump":17,"minecraft:leave_game":1,"minecraft:walk_on_water_one_cm":403,"minecraft:time_since_death":15378,"minecraft:climb_one_cm":772,"minecraft:total_world_time":15378,"minecraft:fly_one_cm":6405},"minecraft:picked_up":{"minecraft:string":1}},"DataVersion":3465}