{
  "bunker_down:first_joined_world": {
    "criteria": {
      "first_joined_world": "2024-08-09 03:49:20 +0000"
    },
    "done": true
  },
  "alexsmobs:alexsmobs/root": {
    "criteria": {
      "useitem": "2024-08-09 03:49:29 +0000"
    },
    "done": true
  },
  "minecraft:recipes/decorations/crafting_table": {
    "criteria": {
      "unlock_right_away": "2024-08-09 03:49:19 +0000"
    },
    "done": true
  },
  "minecraft:husbandry/root": {
    "criteria": {
      "consumed_item": "2024-08-09 03:49:29 +0000"
    },
    "done": true
  },
  "minecraft:adventure/adventuring_time": {
    "criteria": {
      "minecraft:deep_ocean": "2024-08-09 03:49:22 +0000",
      "minecraft:plains": "2024-08-09 03:49:21 +0000"
    },
    "done": false
  },
  "parcool:grant_parcool_guide": {
    "criteria": {
      "tick": "2024-08-09 03:49:20 +0000"
    },
    "done": true
  },
  "DataVersion": 3465
}