{
  "bunker_down:first_joined_world": {
    "criteria": {
      "first_joined_world": "2024-08-09 03:51:07 +0000"
    },
    "done": true
  },
  "minecraft:recipes/decorations/crafting_table": {
    "criteria": {
      "unlock_right_away": "2024-08-09 03:51:07 +0000"
    },
    "done": true
  },
  "minecraft:adventure/adventuring_time": {
    "criteria": {
      "minecraft:deep_ocean": "2024-08-09 03:51:15 +0000",
      "minecraft:plains": "2024-08-09 03:51:08 +0000"
    },
    "done": false
  },
  "parcool:grant_parcool_guide": {
    "criteria": {
      "tick": "2024-08-09 03:51:07 +0000"
    },
    "done": true
  },
  "DataVersion": 3465
}